clustering,datetime,dimensionality,graph,max_cluster_size,max_enriched_cluster_size,max_fraction_same_cluster_Histone_subset.tsv,max_fraction_same_cluster_MCMsubset.tsv,max_fraction_same_cluster_MucocystSubsets.tsv,max_fraction_same_cluster_ProteosomeSubset.tsv,max_fraction_same_cluster_RibosomalSubset.tsv,mean_cluster_size,mean_enriched_cluster_size,median_cluster_size,median_enriched_cluster_size,metric,min_cluster_size,min_enriched_cluster_size,modularity,nclusters,nenriched_cluster_genes,nenriched_clusters,ngenes,nns,parameter,partition_type,q1_cluster_size,q1_enriched_cluster_size,q3_cluster_size,q3_enriched_cluster_size,sd_cluster_size,sd_enriched_cluster_size,silhouette_score
leiden_cpm,2024-09-17 10:38:01.935618,baseline,umap_fuzzy_simplicial_set,20428,20428,1.0,1.0,1.0,1.0,1.0,20428.0,20428.0,20428.0,20428.0,angular,20428,20428,0.0,1,20428,1,20428,9,0.0,EXP,20428.0,20428.0,20428.0,20428.0,0.0,0.0,nan
leiden_cpm,2024-09-17 10:38:01.935618,baseline,umap_fuzzy_simplicial_set,269,269,1.0,0.3333333333333333,1.0,0.5,0.3333333333333333,102.14,110.14925373134328,99.0,107.5,angular,14,21,0.5846653340388941,200,14760,134,20428,9,0.005,EXP,66.0,71.5,135.0,142.0,50.66103433606543,50.03916487943361,0.02445810292383472
leiden_cpm,2024-09-17 10:38:01.935618,baseline,umap_fuzzy_simplicial_set,142,130,1.0,0.3333333333333333,1.0,0.5,0.3333333333333333,52.51413881748072,56.07425742574257,50.0,52.0,angular,5,5,0.5296880359587556,389,11327,202,20428,9,0.01,EXP,33.0,35.0,69.0,72.75,25.24874566033565,26.536719015955075,0.018766539791512025
leiden_cpm,2024-09-17 10:38:01.935618,baseline,umap_fuzzy_simplicial_set,104,104,1.0,0.3333333333333333,1.0,0.5,0.3333333333333333,38.91047619047619,43.27615062761506,36.0,40.0,angular,4,8,0.5022379461753297,525,10343,239,20428,9,0.015,EXP,25.0,28.5,50.0,54.5,18.111442969567864,19.139410813037017,0.02181023123721311
leiden_cpm,2024-09-17 10:38:01.935618,baseline,umap_fuzzy_simplicial_set,89,89,1.0,0.3333333333333333,1.0,0.5,0.3333333333333333,30.353640416047547,34.422222222222224,28.0,32.5,angular,3,5,0.4781253699935809,673,9294,270,20428,9,0.02,EXP,20.0,23.0,39.0,45.0,13.73663519497813,15.133219121774928,0.023052558863429322
leiden_cpm,2024-09-17 10:38:01.935618,baseline,umap_fuzzy_simplicial_set,73,73,1.0,0.3333333333333333,1.0,0.5,0.3333333333333333,25.407960199004975,29.20979020979021,23.0,28.0,angular,2,3,0.4627171058405375,804,8354,286,20428,9,0.025,EXP,17.0,20.0,32.0,36.0,11.92786095590867,13.035375830136665,0.02513722707352458
leiden_cpm,2024-09-17 10:38:01.935618,baseline,umap_fuzzy_simplicial_set,67,67,1.0,0.3333333333333333,1.0,0.5,0.3333333333333333,22.204347826086956,25.537216828478964,20.5,23.0,angular,2,3,0.4499349192226905,920,7891,309,20428,9,0.03,EXP,15.0,17.0,28.0,33.0,10.427471170396577,11.69693097336664,0.02725691863644802
leiden_cpm,2024-09-17 10:38:01.935618,baseline,umap_fuzzy_simplicial_set,60,60,1.0,0.3333333333333333,1.0,0.5,0.3333333333333333,19.585810162991372,21.997101449275362,18.0,21.0,angular,2,3,0.43588281453293937,1043,7589,345,20428,9,0.035,EXP,13.0,15.0,25.0,28.0,8.946580035636423,9.974605015818526,0.029938025577343323
leiden_cpm,2024-09-17 10:38:01.935618,baseline,umap_fuzzy_simplicial_set,53,53,1.0,0.3333333333333333,1.0,0.5,0.3333333333333333,18.07787610619469,20.790419161676645,17.0,19.0,angular,2,5,0.42699011109334956,1130,6944,334,20428,9,0.04,EXP,12.0,14.0,22.0,25.0,8.144227930652496,9.16798147115499,0.032344282458355356
leiden_cpm,2024-09-17 10:38:01.935618,baseline,umap_fuzzy_simplicial_set,53,53,1.0,0.3333333333333333,1.0,0.5,0.3333333333333333,16.56772100567721,19.083333333333332,15.0,18.0,angular,2,3,0.41651738780581266,1233,7099,372,20428,9,0.045,EXP,11.0,13.0,21.0,24.0,7.292331477292904,8.325439809924388,0.03385000168926445
leiden_cpm,2024-09-17 10:38:01.935618,baseline,umap_fuzzy_simplicial_set,46,45,1.0,0.3333333333333333,1.0,0.5,0.3333333333333333,15.336336336336336,17.666666666666668,14.0,16.0,angular,2,3,0.40707938260872395,1332,6890,390,20428,9,0.05,EXP,11.0,12.0,19.0,22.0,6.632079271725983,7.601394384005909,0.032920416602926564
leiden_cpm,2024-09-17 10:38:01.935618,baseline,umap_fuzzy_simplicial_set,44,44,1.0,0.3333333333333333,1.0,0.5,0.3333333333333333,14.275331935709294,16.40487804878049,13.0,15.0,angular,2,3,0.3988023983655122,1431,6726,410,20428,9,0.055,EXP,10.0,11.0,18.0,20.0,6.185097349472619,7.1504375175540815,0.03433074744771022
leiden_cpm,2024-09-17 10:38:01.935618,baseline,umap_fuzzy_simplicial_set,38,38,1.0,0.3333333333333333,1.0,0.5,0.3333333333333333,13.404199475065617,15.83693045563549,13.0,14.0,angular,2,3,0.3925161332438602,1524,6604,417,20428,9,0.06,EXP,9.0,11.0,16.0,19.0,5.846629753735913,6.610962349900827,0.038139638928054435
leiden_cpm,2024-09-17 10:38:01.935618,baseline,umap_fuzzy_simplicial_set,42,42,1.0,0.3333333333333333,1.0,0.5,0.3333333333333333,12.719800747198008,14.965437788018432,12.0,14.0,angular,2,3,0.3864375418516484,1606,6495,434,20428,9,0.065,EXP,9.0,11.0,16.0,18.0,5.550846722585061,6.291403242700208,0.038358331121431825
leiden_cpm,2024-09-17 10:38:01.935618,baseline,umap_fuzzy_simplicial_set,40,40,1.0,0.3333333333333333,1.0,0.5,0.3333333333333333,12.073286052009456,14.262443438914028,11.0,13.0,angular,2,3,0.37952544534083477,1692,6304,442,20428,9,0.07,EXP,9.0,10.0,15.0,17.0,5.240487979278632,6.214775227928897,0.03894176003287024
leiden_cpm,2024-09-17 10:38:01.935618,baseline,umap_fuzzy_simplicial_set,35,35,1.0,0.3333333333333333,1.0,0.5,0.3333333333333333,11.60022714366837,13.561797752808989,11.0,13.0,angular,2,3,0.37474067086903373,1761,6035,445,20428,9,0.075,EXP,8.0,10.0,14.0,16.0,4.906193278575177,5.620498310867717,0.03864377703466516
leiden_cpm,2024-09-17 10:38:01.935618,baseline,umap_fuzzy_simplicial_set,35,35,1.0,0.3333333333333333,1.0,0.5,0.3333333333333333,11.14457174031642,13.173333333333334,11.0,12.0,angular,2,3,0.36943500125947837,1833,5928,450,20428,9,0.08,EXP,8.0,9.25,14.0,16.0,4.718981674712434,5.497166947114162,0.04066392654741881
leiden_cpm,2024-09-17 10:38:01.935618,baseline,umap_fuzzy_simplicial_set,33,33,1.0,0.3333333333333333,1.0,0.5,0.3333333333333333,10.600934094447327,12.682608695652174,10.0,12.0,angular,2,3,0.36357210675870394,1927,5834,460,20428,9,0.085,EXP,7.0,9.0,13.0,15.0,4.544773415284769,5.026378432950382,0.0406293024272933
leiden_cpm,2024-09-17 10:38:01.935618,baseline,umap_fuzzy_simplicial_set,33,33,1.0,0.3333333333333333,1.0,0.5,0.3333333333333333,10.311963654719838,12.311300639658848,10.0,11.0,angular,2,4,0.3609956662539788,1981,5774,469,20428,9,0.09,EXP,7.0,9.0,13.0,15.0,4.386846848336949,4.926874673050265,0.042758529396217396
leiden_cpm,2024-09-17 10:38:01.935618,baseline,umap_fuzzy_simplicial_set,33,33,1.0,0.3333333333333333,1.0,0.5,0.3333333333333333,9.98924205378973,11.955974842767295,9.0,11.0,angular,2,3,0.35573595070988645,2045,5703,477,20428,9,0.095,EXP,7.0,9.0,12.0,14.0,4.177466817327173,4.5878509403575265,0.04281873545167721
leiden_cpm,2024-09-17 10:38:01.935618,baseline,umap_fuzzy_simplicial_set,31,31,1.0,0.3333333333333333,1.0,0.5,0.3333333333333333,9.599624060150376,11.43673469387755,9.0,11.0,angular,2,3,0.35047233466073474,2128,5604,490,20428,9,0.1,EXP,7.0,8.0,12.0,14.0,4.049904836163129,4.538843414555911,0.043976987878353295
leiden_cpm,2024-09-17 10:38:01.935618,baseline,umap_fuzzy_simplicial_set,30,30,1.0,0.3333333333333333,1.0,0.5,0.16666666666666666,9.235081374321881,11.155555555555555,9.0,11.0,angular,2,3,0.3459565602913248,2212,5522,495,20428,9,0.105,EXP,6.0,8.0,11.0,14.0,3.931014395755249,4.425596398140799,0.04527850801937384
leiden_cpm,2024-09-17 10:38:01.935618,baseline,umap_fuzzy_simplicial_set,30,30,1.0,0.3333333333333333,1.0,0.5,0.16666666666666666,9.015004413062666,10.876739562624255,9.0,10.0,angular,2,2,0.34280217061318685,2266,5471,503,20428,9,0.11,EXP,6.0,8.0,11.0,13.0,3.805944266642974,4.402772904689024,0.04635250070452776
leiden_cpm,2024-09-17 10:38:01.935618,baseline,umap_fuzzy_simplicial_set,31,31,1.0,0.3333333333333333,1.0,0.5,0.16666666666666666,8.782459157351676,10.50499001996008,8.0,10.0,angular,2,3,0.3393257752569071,2326,5263,501,20428,9,0.115,EXP,6.0,8.0,11.0,13.0,3.69587185371462,4.235398193109098,0.04768513197600584
leiden_cpm,2024-09-17 10:38:01.935618,baseline,umap_fuzzy_simplicial_set,30,30,1.0,0.3333333333333333,1.0,0.5,0.16666666666666666,8.508121615993335,10.196787148594378,8.0,10.0,angular,2,2,0.3352463998170913,2401,5078,498,20428,9,0.12,EXP,6.0,7.0,11.0,12.0,3.590450313855252,4.17794814732813,0.04720486294242713
leiden_cpm,2024-09-17 10:38:01.935618,baseline,umap_fuzzy_simplicial_set,27,26,1.0,0.3333333333333333,1.0,0.5,0.16666666666666666,8.237096774193548,9.704280155642023,8.0,9.0,angular,1,2,0.3305900963620916,2480,4988,514,20428,9,0.125,EXP,6.0,7.0,10.0,12.0,3.4908051511847495,4.022565383424522,0.04778427598899789
leiden_cpm,2024-09-17 10:38:01.935618,baseline,umap_fuzzy_simplicial_set,28,28,1.0,0.3333333333333333,1.0,0.5,0.16666666666666666,8.064745361231742,9.499058380414313,8.0,9.0,angular,2,2,0.3272995308151303,2533,5044,531,20428,9,0.13,EXP,6.0,7.0,10.0,12.0,3.3857986874557526,3.8704903968161406,0.0480963264736041
leiden_cpm,2024-09-17 10:38:01.935618,baseline,umap_fuzzy_simplicial_set,23,23,1.0,0.3333333333333333,1.0,0.5,0.16666666666666666,7.865999229880631,9.369523809523809,8.0,9.0,angular,1,2,0.32434168719392176,2597,4919,525,20428,9,0.135,EXP,6.0,7.0,10.0,11.0,3.2856186398828537,3.7933054767457492,0.0494351475757433
leiden_cpm,2024-09-17 10:38:01.935618,baseline,umap_fuzzy_simplicial_set,26,22,1.0,0.3333333333333333,1.0,0.5,0.16666666666666666,7.653802922442862,8.98342541436464,7.0,8.0,angular,2,2,0.3199764951217343,2669,4878,543,20428,9,0.14,EXP,5.0,6.0,9.0,11.0,3.1795356495168003,3.504496146225891,0.04899947735545035
leiden_cpm,2024-09-17 10:38:01.935618,baseline,umap_fuzzy_simplicial_set,26,26,1.0,0.3333333333333333,1.0,0.5,0.16666666666666666,7.49651376146789,8.85820895522388,7.0,8.0,angular,1,2,0.31797131642599386,2725,4748,536,20428,9,0.145,EXP,5.0,6.0,9.0,11.0,3.154447385019521,3.6187797586220056,0.05094816227366774
leiden_cpm,2024-09-17 10:38:01.935618,baseline,umap_fuzzy_simplicial_set,26,26,1.0,0.3333333333333333,1.0,0.5,0.16666666666666666,7.335008976660682,8.843636363636364,7.0,8.0,angular,1,2,0.3156039788769303,2785,4864,550,20428,9,0.15,EXP,5.0,6.0,9.0,11.0,3.1215033794974265,3.570218411264531,0.05166367792891874
leiden_cpm,2024-09-17 10:38:01.935618,baseline,umap_fuzzy_simplicial_set,26,26,1.0,0.3333333333333333,1.0,0.5,0.16666666666666666,7.152661064425771,8.514834205933683,7.0,8.0,angular,1,2,0.31227318442048096,2856,4879,573,20428,9,0.155,EXP,5.0,6.0,9.0,10.0,3.0306233340165685,3.393126176808702,0.05182447402081316
leiden_cpm,2024-09-17 10:38:01.935618,baseline,umap_fuzzy_simplicial_set,25,25,1.0,0.3333333333333333,1.0,0.5,0.16666666666666666,7.017519752662316,8.402504472271914,7.0,8.0,angular,1,2,0.3093202844236303,2911,4697,559,20428,9,0.16,EXP,5.0,6.0,9.0,10.0,2.946570271175106,3.318629718548771,0.0521895622789783
leiden_cpm,2024-09-17 10:38:01.935618,baseline,umap_fuzzy_simplicial_set,25,25,1.0,0.3333333333333333,1.0,0.5,0.16666666666666666,6.871173898419105,8.21631205673759,7.0,8.0,angular,1,2,0.3061053092761868,2973,4634,564,20428,9,0.165,EXP,5.0,6.0,9.0,10.0,2.8903995491421774,3.3399605916364377,0.05263596100705771
leiden_cpm,2024-09-17 10:38:01.935618,baseline,umap_fuzzy_simplicial_set,25,25,1.0,0.3333333333333333,1.0,0.5,0.16666666666666666,6.710906701708279,8.05545617173524,6.0,8.0,angular,1,2,0.3025219424423289,3044,4503,559,20428,9,0.17,EXP,5.0,6.0,8.0,10.0,2.786512351180174,3.2214844683935,0.05388590789560507
leiden_cpm,2024-09-17 10:38:01.935618,baseline,umap_fuzzy_simplicial_set,24,24,1.0,0.3333333333333333,1.0,0.5,0.16666666666666666,6.576947842884739,8.045855379188712,6.0,8.0,angular,1,2,0.29941564495911194,3106,4562,567,20428,9,0.17500000000000002,EXP,5.0,6.0,8.0,10.0,2.754853439150816,3.1462885837285643,0.05377993535566248
leiden_cpm,2024-09-17 10:38:01.935618,baseline,umap_fuzzy_simplicial_set,24,24,1.0,0.3333333333333333,1.0,0.5,0.16666666666666666,6.524433088470137,7.954144620811287,6.0,8.0,angular,1,2,0.29925881953846684,3131,4510,567,20428,9,0.18,EXP,5.0,6.0,8.0,10.0,2.759547224509195,3.112473556588149,0.05526313113038099
leiden_cpm,2024-09-17 10:38:01.935618,baseline,umap_fuzzy_simplicial_set,19,19,1.0,0.3333333333333333,1.0,0.5,0.16666666666666666,6.415829145728643,7.690972222222222,6.0,7.0,angular,1,2,0.29579985728480346,3184,4430,576,20428,9,0.185,EXP,5.0,6.0,8.0,9.0,2.6395381221810394,2.9518688335255523,0.054736493063598936
leiden_cpm,2024-09-17 10:38:01.935618,baseline,umap_fuzzy_simplicial_set,19,19,1.0,0.3333333333333333,1.0,0.5,0.16666666666666666,6.287473068636504,7.574912891986063,6.0,7.0,angular,1,2,0.29303403065836037,3249,4348,574,20428,9,0.19,EXP,4.0,5.0,8.0,9.0,2.595038720912037,2.947945231847629,0.05708532401547587
leiden_cpm,2024-09-17 10:38:01.935618,baseline,umap_fuzzy_simplicial_set,18,17,1.0,0.3333333333333333,1.0,0.5,0.16666666666666666,6.195935699120413,7.426421404682274,6.0,7.0,angular,1,2,0.29033241734395354,3297,4441,598,20428,9,0.195,EXP,4.0,5.0,8.0,9.0,2.5286604376323236,2.912394956782305,0.055774718681982374
leiden_cpm,2024-09-17 10:38:01.935618,baseline,umap_fuzzy_simplicial_set,19,19,1.0,0.3333333333333333,1.0,0.5,0.16666666666666666,6.07433838834374,7.303921568627451,6.0,7.0,angular,1,2,0.28804172551778395,3363,4470,612,20428,9,0.2,EXP,4.0,5.0,8.0,9.0,2.507758724809799,2.8172758907904125,0.057423972560331896
leiden_cpm,2024-09-17 10:38:01.935618,baseline,umap_fuzzy_simplicial_set,17,17,1.0,0.3333333333333333,1.0,0.5,0.16666666666666666,5.973099415204678,7.2146422628951745,6.0,7.0,angular,1,2,0.2854497802175936,3420,4336,601,20428,9,0.20500000000000002,EXP,4.0,5.0,7.0,9.0,2.4637444251496134,2.798654046624863,0.058624689264506195
leiden_cpm,2024-09-17 10:38:01.935618,baseline,umap_fuzzy_simplicial_set,19,19,1.0,0.3333333333333333,1.0,0.5,0.16666666666666666,5.9091698004049755,7.079601990049751,6.0,7.0,angular,1,2,0.28329279204022023,3457,4269,603,20428,9,0.21,EXP,4.0,5.0,7.0,9.0,2.400672413115976,2.7752098226376263,0.05899480633129472
leiden_cpm,2024-09-17 10:38:01.935618,baseline,umap_fuzzy_simplicial_set,20,20,1.0,0.3333333333333333,1.0,0.5,0.16666666666666666,5.800113571834185,6.930463576158941,6.0,7.0,angular,1,2,0.28110476220875935,3522,4186,604,20428,9,0.215,EXP,4.0,5.0,7.0,9.0,2.3794787982033307,2.7005884415794474,0.059530067917929474
leiden_cpm,2024-09-17 10:38:01.935618,baseline,umap_fuzzy_simplicial_set,17,16,1.0,0.3333333333333333,1.0,0.5,0.16666666666666666,5.720526463175581,6.79516129032258,5.0,7.0,angular,1,2,0.2791371958868971,3571,4213,620,20428,9,0.22,EXP,4.0,5.0,7.0,8.0,2.3575094606326865,2.622786465756062,0.05992151715674754
leiden_cpm,2024-09-17 10:38:01.935618,baseline,umap_fuzzy_simplicial_set,16,16,1.0,0.3333333333333333,1.0,0.5,0.16666666666666666,5.638421197902291,6.809983896940419,5.0,7.0,angular,1,2,0.2768301612623293,3623,4229,621,20428,9,0.225,EXP,4.0,5.0,7.0,9.0,2.304475584577755,2.6208559344321576,0.06157677430075353
leiden_cpm,2024-09-17 10:38:01.935618,baseline,umap_fuzzy_simplicial_set,19,19,1.0,0.3333333333333333,1.0,0.5,0.16666666666666666,5.549578918772073,6.631751227495909,5.0,6.0,angular,1,2,0.2747835806851538,3681,4052,611,20428,9,0.23,EXP,4.0,5.0,7.0,8.0,2.2833273456232415,2.636811056361493,0.061931324993107016
leiden_cpm,2024-09-17 10:38:01.935618,baseline,umap_fuzzy_simplicial_set,17,17,1.0,0.3333333333333333,1.0,0.5,0.16666666666666666,5.486972871340317,6.571194762684124,5.0,6.0,angular,1,2,0.2721583255919042,3723,4015,611,20428,9,0.23500000000000001,EXP,4.0,5.0,7.0,8.0,2.2412942680005736,2.5814562897355926,0.06186441338249778
leiden_cpm,2024-09-17 10:38:01.935618,baseline,umap_fuzzy_simplicial_set,17,15,1.0,0.3333333333333333,1.0,0.5,0.16666666666666666,5.411390728476821,6.437096774193549,5.0,6.0,angular,1,2,0.26993690483693017,3775,3991,620,20428,9,0.24,EXP,4.0,4.0,7.0,8.0,2.2169790434551557,2.5280831621024107,0.061944258599614097
leiden_cpm,2024-09-17 10:38:01.935618,baseline,umap_fuzzy_simplicial_set,17,17,1.0,0.3333333333333333,1.0,0.5,0.16666666666666666,5.38145416227608,6.453658536585366,5.0,6.0,angular,1,2,0.2690609969769656,3796,3969,615,20428,9,0.245,EXP,4.0,5.0,7.0,8.0,2.1785218433070925,2.5086611815972963,0.06308619913503849
leiden_cpm,2024-09-17 10:38:01.935618,baseline,umap_fuzzy_simplicial_set,17,17,1.0,0.3333333333333333,1.0,0.5,0.16666666666666666,5.239292126186202,6.3216,5.0,6.0,angular,1,2,0.2663580316451729,3899,3951,625,20428,9,0.25,EXP,4.0,4.0,7.0,8.0,2.1673828004556013,2.45678111357117,0.06486529586383018
leiden_cpm,2024-09-17 10:38:01.935618,baseline,umap_fuzzy_simplicial_set,17,17,1.0,0.3333333333333333,1.0,0.5,0.16666666666666666,5.159888860823441,6.261217948717949,5.0,6.0,angular,1,2,0.26469080371105275,3959,3907,624,20428,9,0.255,EXP,4.0,4.0,6.0,8.0,2.1470204893848908,2.4711221480224475,0.06502946625960389
leiden_cpm,2024-09-17 10:38:01.935618,baseline,umap_fuzzy_simplicial_set,15,15,1.0,0.3333333333333333,1.0,0.5,0.16666666666666666,5.114672008012018,6.20952380952381,5.0,6.0,angular,1,2,0.26272244697902586,3994,3912,630,20428,9,0.26,EXP,4.0,4.0,6.0,8.0,2.107731922201309,2.4281232079375976,0.0657909294581543
leiden_cpm,2024-09-17 10:38:01.935618,baseline,umap_fuzzy_simplicial_set,16,16,1.0,0.3333333333333333,1.0,0.5,0.16666666666666666,5.030288106377739,6.161949685534591,5.0,6.0,angular,1,2,0.2605162078153601,4061,3919,636,20428,9,0.265,EXP,4.0,4.0,6.0,8.0,2.08459804715473,2.393754709140297,0.06695448300547148
leiden_cpm,2024-09-17 10:38:01.935618,baseline,umap_fuzzy_simplicial_set,17,17,1.0,0.3333333333333333,1.0,0.5,0.16666666666666666,4.977582846003899,6.061708860759493,5.0,6.0,angular,1,2,0.25861941953309137,4104,3831,632,20428,9,0.27,EXP,3.0,4.0,6.0,8.0,2.0569343578948254,2.344058390489186,0.06621045063075316
leiden_cpm,2024-09-17 10:38:01.935618,baseline,umap_fuzzy_simplicial_set,15,15,1.0,0.3333333333333333,1.0,0.5,0.16666666666666666,4.9331079449408355,5.9984051036682615,5.0,6.0,angular,1,2,0.25668240372174567,4141,3761,627,20428,9,0.275,EXP,3.0,4.0,6.0,8.0,2.0230780857436836,2.3035228568432897,0.06624275358550746
leiden_cpm,2024-09-17 10:38:01.935618,baseline,umap_fuzzy_simplicial_set,14,13,1.0,0.3333333333333333,1.0,0.5,0.16666666666666666,4.866126727012864,5.925632911392405,5.0,6.0,angular,1,2,0.2542796333405573,4198,3745,632,20428,9,0.28,EXP,3.0,4.0,6.0,7.0,1.9788521764645612,2.2401347533903446,0.06694703140804398
leiden_cpm,2024-09-17 10:38:01.935618,baseline,umap_fuzzy_simplicial_set,14,14,1.0,0.3333333333333333,1.0,0.5,0.16666666666666666,4.819061099315876,5.871069182389937,5.0,6.0,angular,1,2,0.25329126477163927,4239,3734,636,20428,9,0.28500000000000003,EXP,3.0,4.0,6.0,7.0,1.9707832851583436,2.2358667479773144,0.06774479355077329
leiden_cpm,2024-09-17 10:38:01.935618,baseline,umap_fuzzy_simplicial_set,16,16,1.0,0.3333333333333333,1.0,0.5,0.16666666666666666,4.7584439785697645,5.8841269841269845,5.0,6.0,angular,1,2,0.2505478687081564,4293,3707,630,20428,9,0.29,EXP,3.0,4.0,6.0,7.0,1.9276759079759076,2.234129662520597,0.06757625450219902
leiden_cpm,2024-09-17 10:38:01.935618,baseline,umap_fuzzy_simplicial_set,14,14,1.0,0.3333333333333333,1.0,0.5,0.16666666666666666,4.731989807736855,5.770800627943485,4.0,5.0,angular,1,2,0.2492911477000793,4317,3676,637,20428,9,0.295,EXP,3.0,4.0,6.0,7.0,1.9016172851491508,2.1601997449941432,0.06734022755812445
leiden_cpm,2024-09-17 10:38:01.935618,baseline,umap_fuzzy_simplicial_set,15,15,1.0,0.3333333333333333,1.0,0.5,0.16666666666666666,4.685321100917431,5.738654147104851,4.0,5.0,angular,1,2,0.2479944516210735,4360,3667,639,20428,9,0.3,EXP,3.0,4.0,6.0,7.0,1.8913286280979855,2.1701327431639488,0.06748051806670798
leiden_cpm,2024-09-17 10:38:01.935618,baseline,umap_fuzzy_simplicial_set,13,13,1.0,0.3333333333333333,1.0,0.5,0.16666666666666666,4.6311493992292,5.63312693498452,4.0,5.0,angular,1,2,0.2458198251933489,4411,3639,646,20428,9,0.305,EXP,3.0,4.0,6.0,7.0,1.8597918376962326,2.1434799559008733,0.06831176974150868
leiden_cpm,2024-09-17 10:38:01.935618,baseline,umap_fuzzy_simplicial_set,15,15,1.0,0.3333333333333333,1.0,0.5,0.16666666666666666,4.609205776173285,5.6049766718507,4.0,5.0,angular,1,2,0.24468138071803408,4432,3604,643,20428,9,0.31,EXP,3.0,4.0,6.0,7.0,1.841726083020052,2.128698985201,0.0683521517254414
leiden_cpm,2024-09-17 10:38:01.935618,baseline,umap_fuzzy_simplicial_set,13,13,1.0,0.3333333333333333,1.0,0.5,0.16666666666666666,4.567978533094812,5.559505409582689,4.0,5.0,angular,1,2,0.24338413134563808,4472,3597,647,20428,9,0.315,EXP,3.0,4.0,6.0,7.0,1.8315300581052738,2.1030113985419385,0.0684524580857423
leiden_cpm,2024-09-17 10:38:01.935618,baseline,umap_fuzzy_simplicial_set,13,12,1.0,0.3333333333333333,1.0,0.5,0.16666666666666666,4.500550782110597,5.43778801843318,4.0,5.0,angular,1,2,0.24057741010702952,4539,3540,651,20428,9,0.32,EXP,3.0,4.0,5.0,7.0,1.7906976479361387,2.0229977356191835,0.0688358188757247
leiden_cpm,2024-09-17 10:38:01.935618,baseline,umap_fuzzy_simplicial_set,13,12,1.0,0.3333333333333333,1.0,0.5,0.16666666666666666,4.451514491174548,5.367469879518072,4.0,5.0,angular,1,2,0.23867974761744062,4589,3564,664,20428,9,0.325,EXP,3.0,4.0,5.0,7.0,1.7656600615923423,1.9986205142387912,0.06932425768642206
leiden_cpm,2024-09-17 10:38:01.935618,baseline,umap_fuzzy_simplicial_set,13,12,1.0,0.3333333333333333,1.0,0.5,0.16666666666666666,4.415910073497622,5.332326283987915,4.0,5.0,angular,1,2,0.23765144269181726,4626,3530,662,20428,9,0.33,EXP,3.0,4.0,5.0,7.0,1.7581745964204405,1.9798410848685106,0.07023092774489138
leiden_cpm,2024-09-17 10:38:01.935618,baseline,umap_fuzzy_simplicial_set,13,12,1.0,0.3333333333333333,1.0,0.5,0.16666666666666666,4.285294734633942,5.2306525037936265,4.0,5.0,angular,1,2,0.23478148264782153,4767,3447,659,20428,9,0.335,EXP,3.0,4.0,5.0,6.0,1.7476646385623997,1.9682382451615954,0.07226937464741093
leiden_cpm,2024-09-17 10:38:01.935618,baseline,umap_fuzzy_simplicial_set,13,12,1.0,0.3333333333333333,1.0,0.5,0.16666666666666666,4.251404786680541,5.221212121212122,4.0,5.0,angular,1,2,0.2337772565887074,4805,3446,660,20428,9,0.34,EXP,3.0,4.0,5.0,6.0,1.7430285111776962,1.9554519861546351,0.07228735744741684
leiden_cpm,2024-09-17 10:38:01.935618,baseline,umap_fuzzy_simplicial_set,13,12,1.0,0.3333333333333333,1.0,0.5,0.16666666666666666,4.232905097389142,5.175334323922734,4.0,5.0,angular,1,2,0.23237853133881625,4826,3483,673,20428,9,0.34500000000000003,EXP,3.0,4.0,5.0,6.0,1.7021362623120215,1.9477996690963433,0.07251118336397673
leiden_cpm,2024-09-17 10:38:01.935618,baseline,umap_fuzzy_simplicial_set,13,12,1.0,0.3333333333333333,1.0,0.5,0.16666666666666666,4.205022643062989,5.147540983606557,4.0,5.0,angular,1,2,0.23121551374749885,4858,3454,671,20428,9,0.35000000000000003,EXP,3.0,4.0,5.0,6.0,1.6926084342073535,1.9031675857235115,0.07263474182303102
leiden_cpm,2024-09-17 10:38:01.935618,baseline,umap_fuzzy_simplicial_set,12,12,1.0,0.3333333333333333,1.0,0.5,0.16666666666666666,4.153721024806832,5.122356495468278,4.0,5.0,angular,1,2,0.22920659589779113,4918,3391,662,20428,9,0.355,EXP,3.0,4.0,5.0,6.0,1.6738902841757333,1.9123896899123844,0.07325214662946916
leiden_cpm,2024-09-17 10:38:01.935618,baseline,umap_fuzzy_simplicial_set,13,13,1.0,0.3333333333333333,1.0,0.5,0.16666666666666666,4.119378907037709,5.092953523238381,4.0,5.0,angular,1,2,0.227585015578136,4959,3397,667,20428,9,0.36,EXP,3.0,4.0,5.0,6.0,1.659168109534244,1.8938220722438976,0.07380112084416858
leiden_cpm,2024-09-17 10:38:01.935618,baseline,umap_fuzzy_simplicial_set,12,12,1.0,0.3333333333333333,1.0,0.5,0.16666666666666666,4.082334132693845,5.055059523809524,4.0,5.0,angular,1,2,0.22601922333275964,5004,3397,672,20428,9,0.365,EXP,3.0,4.0,5.0,6.0,1.641176681148934,1.8600446413689882,0.0740064084261405
leiden_cpm,2024-09-17 10:38:01.935618,baseline,umap_fuzzy_simplicial_set,12,12,1.0,0.3333333333333333,1.0,0.5,0.16666666666666666,4.052370561396549,4.998509687034277,4.0,5.0,angular,1,2,0.22446930793469136,5041,3354,671,20428,9,0.37,EXP,3.0,4.0,5.0,6.0,1.613655165705805,1.8469770322087813,0.07458693359919923
leiden_cpm,2024-09-17 10:38:01.935618,baseline,umap_fuzzy_simplicial_set,12,12,1.0,0.3333333333333333,1.0,0.5,0.16666666666666666,4.033965244865719,4.943854324734446,4.0,5.0,angular,1,2,0.22357552040950587,5064,3258,659,20428,9,0.375,EXP,3.0,4.0,5.0,6.0,1.6024860954142073,1.8382723506673004,0.07416160619746984
leiden_cpm,2024-09-17 10:38:01.935618,baseline,umap_fuzzy_simplicial_set,12,12,1.0,0.3333333333333333,1.0,0.5,0.16666666666666666,4.011783189316575,4.9409090909090905,4.0,5.0,angular,1,2,0.22234984190258578,5092,3261,660,20428,9,0.38,EXP,3.0,4.0,5.0,6.0,1.583949157935813,1.8392585193023971,0.07464626588191269
leiden_cpm,2024-09-17 10:38:01.935618,baseline,umap_fuzzy_simplicial_set,12,12,1.0,0.3333333333333333,1.0,0.5,0.16666666666666666,3.982842659387795,4.887072808320951,4.0,5.0,angular,1,2,0.22117991297533227,5129,3289,673,20428,9,0.385,EXP,3.0,4.0,5.0,6.0,1.5722348527043044,1.830652630657797,0.07445221377982551
leiden_cpm,2024-09-17 10:38:01.935618,baseline,umap_fuzzy_simplicial_set,12,12,1.0,0.3333333333333333,1.0,0.5,0.16666666666666666,3.9535513837816914,4.818851251840942,4.0,5.0,angular,1,2,0.21991425757785216,5167,3272,679,20428,9,0.39,EXP,3.0,4.0,5.0,6.0,1.5555548174315084,1.8279126510200399,0.07485179812574841
leiden_cpm,2024-09-17 10:38:01.935618,baseline,umap_fuzzy_simplicial_set,12,12,1.0,0.3333333333333333,1.0,0.5,0.16666666666666666,3.9307292668847413,4.820588235294117,4.0,5.0,angular,1,2,0.21858548343927392,5197,3278,680,20428,9,0.395,EXP,3.0,4.0,5.0,6.0,1.5362380761481507,1.7765265865735778,0.07475836219356846
leiden_cpm,2024-09-17 10:38:01.935618,baseline,umap_fuzzy_simplicial_set,12,12,1.0,0.3333333333333333,1.0,0.5,0.16666666666666666,3.8954996186117468,4.814432989690721,4.0,5.0,angular,1,2,0.2178892799451499,5244,3269,679,20428,9,0.4,EXP,3.0,4.0,5.0,6.0,1.5423548440948438,1.7986325016101403,0.07489526326071409
leiden_cpm,2024-09-17 10:38:01.935618,baseline,umap_fuzzy_simplicial_set,12,12,1.0,0.3333333333333333,1.0,0.5,0.16666666666666666,3.847080979284369,4.748159057437408,4.0,5.0,angular,1,2,0.21618881553656122,5310,3224,679,20428,9,0.405,EXP,3.0,3.0,5.0,6.0,1.532684077427994,1.77361416738806,0.07466992938028119
leiden_cpm,2024-09-17 10:38:01.935618,baseline,umap_fuzzy_simplicial_set,12,12,1.0,0.3333333333333333,1.0,0.5,0.16666666666666666,3.8168908819133036,4.720998531571219,4.0,4.0,angular,1,2,0.21504981045795832,5352,3215,681,20428,9,0.41000000000000003,EXP,3.0,3.0,5.0,6.0,1.5254782548043697,1.7623029757295132,0.07537052204747184
leiden_cpm,2024-09-17 10:38:01.935618,baseline,umap_fuzzy_simplicial_set,12,12,1.0,0.3333333333333333,1.0,0.5,0.16666666666666666,3.7942050520059434,4.673976608187134,4.0,4.0,angular,1,2,0.21389523686542442,5384,3197,684,20428,9,0.41500000000000004,EXP,3.0,3.0,5.0,6.0,1.5039558534305746,1.7347062644765616,0.07578164826860734
leiden_cpm,2024-09-17 10:38:01.935618,baseline,umap_fuzzy_simplicial_set,12,12,1.0,0.3333333333333333,1.0,0.5,0.16666666666666666,3.7648359749354956,4.660844250363901,4.0,4.0,angular,1,2,0.21224167960122262,5426,3202,687,20428,9,0.42,EXP,3.0,3.0,5.0,6.0,1.4892371397426307,1.7223493274383959,0.07594334263563836
leiden_cpm,2024-09-17 10:38:01.935618,baseline,umap_fuzzy_simplicial_set,12,12,1.0,0.3333333333333333,1.0,0.5,0.16666666666666666,3.737285034760337,4.564841498559078,4.0,4.0,angular,1,2,0.21069137608835958,5466,3168,694,20428,9,0.425,EXP,3.0,3.0,5.0,5.75,1.4695806450184772,1.696997744180402,0.07569403845926506
leiden_cpm,2024-09-17 10:38:01.935618,baseline,umap_fuzzy_simplicial_set,12,12,1.0,0.3333333333333333,1.0,0.5,0.16666666666666666,3.728417594451542,4.527065527065527,4.0,4.0,angular,1,2,0.20997930067248036,5479,3178,702,20428,9,0.43,EXP,3.0,3.0,5.0,5.0,1.460178065116636,1.6645224476143863,0.07626254850061137
leiden_cpm,2024-09-17 10:38:01.935618,baseline,umap_fuzzy_simplicial_set,12,12,1.0,0.3333333333333333,1.0,0.5,0.16666666666666666,3.6960376334358602,4.514935988620199,3.0,4.0,angular,1,2,0.20838921493822743,5527,3174,703,20428,9,0.435,EXP,3.0,3.0,5.0,5.0,1.4456777993907257,1.6678676824449727,0.0759339022702315
leiden_cpm,2024-09-17 10:38:01.935618,baseline,umap_fuzzy_simplicial_set,12,12,1.0,0.3333333333333333,1.0,0.5,0.16666666666666666,3.6694808694090173,4.481962481962482,3.0,4.0,angular,1,2,0.2069895293622615,5567,3106,693,20428,9,0.44,EXP,3.0,3.0,4.0,5.0,1.4272266440924635,1.6378568560296956,0.07604232190268746
leiden_cpm,2024-09-17 10:38:01.935618,baseline,umap_fuzzy_simplicial_set,12,12,1.0,0.3333333333333333,1.0,0.5,0.16666666666666666,3.648508662261118,4.454676258992806,3.0,4.0,angular,1,2,0.20580299008807101,5599,3096,695,20428,9,0.445,EXP,3.0,3.0,4.0,5.0,1.4156188086551016,1.6148244451694866,0.0762347926319904
leiden_cpm,2024-09-17 10:38:01.935618,baseline,umap_fuzzy_simplicial_set,11,11,1.0,0.3333333333333333,1.0,0.5,0.16666666666666666,3.625843095491658,4.406113537117904,3.0,4.0,angular,1,2,0.20462418208192976,5634,3027,687,20428,9,0.45,EXP,3.0,3.0,4.0,5.0,1.4043442187178155,1.6058908672907686,0.07605936085983148
leiden_cpm,2024-09-17 10:38:01.935618,baseline,umap_fuzzy_simplicial_set,10,10,1.0,0.3333333333333333,1.0,0.5,0.16666666666666666,3.6149354096620065,4.399412628487519,3.0,4.0,angular,1,2,0.20400713941755252,5651,2996,681,20428,9,0.455,EXP,3.0,3.0,4.0,5.0,1.396591868254284,1.5954044525394386,0.07671189477282576
leiden_cpm,2024-09-17 10:38:01.935618,baseline,umap_fuzzy_simplicial_set,10,10,1.0,0.3333333333333333,1.0,0.5,0.16666666666666666,3.6028218694885363,4.375,3.0,4.0,angular,1,2,0.2035727389764039,5670,3010,688,20428,9,0.46,EXP,3.0,3.0,4.0,5.0,1.3862231465418897,1.5715724979392678,0.07675502427601172
leiden_cpm,2024-09-17 10:38:01.935618,baseline,umap_fuzzy_simplicial_set,10,10,1.0,0.3333333333333333,1.0,0.5,0.16666666666666666,3.584488506755571,4.370044052863436,3.0,4.0,angular,1,2,0.2022988072058259,5699,2976,681,20428,9,0.465,EXP,3.0,3.0,4.0,5.0,1.3734292522227207,1.550306160222398,0.07650982834396049
leiden_cpm,2024-09-17 10:38:01.935618,baseline,umap_fuzzy_simplicial_set,11,11,1.0,0.3333333333333333,1.0,0.5,0.16666666666666666,3.5607460345128117,4.311499272197962,3.0,4.0,angular,1,2,0.20089775809859972,5737,2962,687,20428,9,0.47000000000000003,EXP,3.0,3.0,4.0,5.0,1.3677910524187966,1.555073003500125,0.07642343750452793
leiden_cpm,2024-09-17 10:38:01.935618,baseline,umap_fuzzy_simplicial_set,10,10,1.0,0.3333333333333333,1.0,0.5,0.16666666666666666,3.541608876560333,4.265185185185185,3.0,4.0,angular,1,2,0.19969550633999889,5768,2879,675,20428,9,0.47500000000000003,EXP,3.0,3.0,4.0,5.0,1.3505029287180357,1.5248712644396756,0.07658280456848424
leiden_cpm,2024-09-17 10:38:01.935618,baseline,umap_fuzzy_simplicial_set,10,10,1.0,0.3333333333333333,1.0,0.5,0.16666666666666666,3.5196416264645074,4.236652236652237,3.0,4.0,angular,1,2,0.1986036716248541,5804,2936,693,20428,9,0.48,EXP,3.0,3.0,4.0,5.0,1.3368524637180328,1.5124252253654848,0.07717526211593896
leiden_cpm,2024-09-17 10:38:01.935618,baseline,umap_fuzzy_simplicial_set,10,10,1.0,0.3333333333333333,1.0,0.5,0.16666666666666666,3.5003427004797807,4.189228529839884,3.0,4.0,angular,1,2,0.19773320675253137,5836,2878,687,20428,9,0.485,EXP,3.0,3.0,4.0,5.0,1.330882155678249,1.493021267521154,0.07697318750276333
leiden_cpm,2024-09-17 10:38:01.935618,baseline,umap_fuzzy_simplicial_set,10,10,1.0,0.3333333333333333,1.0,0.5,0.16666666666666666,3.4854120457259854,4.17485549132948,3.0,4.0,angular,1,2,0.1967447119388529,5861,2889,692,20428,9,0.49,EXP,3.0,3.0,4.0,5.0,1.314546775390763,1.468278496104545,0.07717039003269825
leiden_cpm,2024-09-17 10:38:01.935618,baseline,umap_fuzzy_simplicial_set,10,10,1.0,0.3333333333333333,1.0,0.5,0.16666666666666666,3.468840210562065,4.164265129682997,3.0,4.0,angular,1,2,0.1957322621504549,5889,2890,694,20428,9,0.495,EXP,3.0,3.0,4.0,5.0,1.3040509384866046,1.4540382876011202,0.07707151946386571
leiden_cpm,2024-09-17 10:38:01.935618,baseline,umap_fuzzy_simplicial_set,10,10,1.0,0.3333333333333333,1.0,0.5,0.16666666666666666,3.353800689541947,4.105187319884727,3.0,4.0,angular,1,2,0.19324091243408703,6091,2849,694,20428,9,0.5,EXP,2.0,3.0,4.0,5.0,1.3114901781112969,1.4629533340837124,0.07885633488912987
leiden_cpm,2024-09-17 10:38:01.935618,baseline,umap_fuzzy_simplicial_set,10,10,1.0,0.3333333333333333,1.0,0.5,0.16666666666666666,3.313544201135442,4.093123209169055,3.0,4.0,angular,1,2,0.19195942759382967,6165,2857,698,20428,9,0.505,EXP,2.0,3.0,4.0,5.0,1.3094527536586045,1.4624953120704682,0.07857892958076378
leiden_cpm,2024-09-17 10:38:01.935618,baseline,umap_fuzzy_simplicial_set,10,10,1.0,0.3333333333333333,1.0,0.5,0.16666666666666666,3.3113956881180093,4.077363896848137,3.0,4.0,angular,1,2,0.19163512880384626,6169,2846,698,20428,9,0.51,EXP,2.0,3.0,4.0,5.0,1.3010718478136298,1.4678124131463575,0.07887974948685889
leiden_cpm,2024-09-17 10:38:01.935618,baseline,umap_fuzzy_simplicial_set,10,10,1.0,0.3333333333333333,1.0,0.5,0.16666666666666666,3.2943073697790677,4.05722460658083,3.0,4.0,angular,1,2,0.1904086291412685,6201,2836,699,20428,9,0.515,EXP,2.0,3.0,4.0,5.0,1.288299037099307,1.4500313329636034,0.07886079969725156
leiden_cpm,2024-09-17 10:38:01.935618,baseline,umap_fuzzy_simplicial_set,10,10,1.0,0.3333333333333333,1.0,0.5,0.16666666666666666,3.285300739787713,4.033946251768034,3.0,4.0,angular,1,2,0.1897759221813363,6218,2852,707,20428,9,0.52,EXP,2.0,3.0,4.0,5.0,1.2817769513617538,1.4257608157608117,0.07834000814351069
leiden_cpm,2024-09-17 10:38:01.935618,baseline,umap_fuzzy_simplicial_set,10,10,1.0,0.3333333333333333,1.0,0.5,0.16666666666666666,3.2773945130755657,4.022792022792022,3.0,4.0,angular,1,2,0.18924584549805787,6233,2824,702,20428,9,0.525,EXP,2.0,3.0,4.0,5.0,1.2793253430498204,1.4160432653683481,0.07820596606269209
leiden_cpm,2024-09-17 10:38:01.935618,baseline,umap_fuzzy_simplicial_set,10,10,1.0,0.3333333333333333,1.0,0.5,0.16666666666666666,3.255977048135161,4.012784090909091,3.0,4.0,angular,1,2,0.18810645456351274,6274,2825,704,20428,9,0.53,EXP,2.0,3.0,4.0,5.0,1.2695962111945622,1.4126482942980763,0.07868849259145944
leiden_cpm,2024-09-17 10:38:01.935618,baseline,umap_fuzzy_simplicial_set,9,9,1.0,0.3333333333333333,1.0,0.5,0.16666666666666666,3.2409963509439947,3.9801418439716314,3.0,4.0,angular,1,2,0.1869200040434049,6303,2806,705,20428,9,0.535,EXP,2.0,3.0,4.0,5.0,1.2574970507976257,1.3867263280684843,0.07796946970917425
leiden_cpm,2024-09-17 10:38:01.935618,baseline,umap_fuzzy_simplicial_set,9,9,1.0,0.3333333333333333,1.0,0.5,0.16666666666666666,3.231255931667194,3.977272727272727,3.0,4.0,angular,1,2,0.18605765786372125,6322,2800,704,20428,9,0.54,EXP,2.0,3.0,4.0,5.0,1.2441513809166924,1.3711911935453052,0.0778569541637669
leiden_cpm,2024-09-17 10:38:01.935618,baseline,umap_fuzzy_simplicial_set,9,9,1.0,0.3333333333333333,1.0,0.5,0.16666666666666666,3.224625098658248,3.9414285714285713,3.0,4.0,angular,1,2,0.18571737584074743,6335,2759,700,20428,9,0.545,EXP,2.0,3.0,4.0,5.0,1.2429665411238882,1.3588853475386,0.07787865948560177
leiden_cpm,2024-09-17 10:38:01.935618,baseline,umap_fuzzy_simplicial_set,9,9,1.0,0.3333333333333333,1.0,0.5,0.16666666666666666,3.2104353292472103,3.942938659058488,3.0,4.0,angular,1,2,0.18516361079009966,6363,2764,701,20428,9,0.55,EXP,2.0,3.0,4.0,5.0,1.2398401882118517,1.3616499737510284,0.078062540190866
leiden_cpm,2024-09-17 10:38:01.935618,baseline,umap_fuzzy_simplicial_set,9,9,1.0,0.3333333333333333,1.0,0.5,0.16666666666666666,3.2023828186236085,3.9063829787234043,3.0,4.0,angular,1,2,0.18415858581875075,6379,2754,705,20428,9,0.555,EXP,2.0,3.0,4.0,5.0,1.2252070974316736,1.3420748605578907,0.07839841671751023
leiden_cpm,2024-09-17 10:38:01.935618,baseline,umap_fuzzy_simplicial_set,9,9,1.0,0.3333333333333333,1.0,0.5,0.16666666666666666,3.189383294301327,3.879043600562588,3.0,4.0,angular,1,2,0.18327249050228836,6405,2758,711,20428,9,0.56,EXP,2.0,3.0,4.0,5.0,1.2191087250013082,1.3214649787573312,0.07802194258855305
leiden_cpm,2024-09-17 10:38:01.935618,baseline,umap_fuzzy_simplicial_set,9,9,1.0,0.3333333333333333,1.0,0.5,0.16666666666666666,3.1769828926905133,3.8623595505617976,3.0,4.0,angular,1,2,0.18259994958696682,6430,2750,712,20428,9,0.5650000000000001,EXP,2.0,3.0,4.0,5.0,1.215285838166322,1.3326660973038853,0.0779228113895293
leiden_cpm,2024-09-17 10:38:01.935618,baseline,umap_fuzzy_simplicial_set,9,9,1.0,0.3333333333333333,1.0,0.5,0.16666666666666666,3.1568536547674237,3.855337078651685,3.0,4.0,angular,1,2,0.18171398989577794,6471,2745,712,20428,9,0.5700000000000001,EXP,2.0,3.0,4.0,5.0,1.2089524361838582,1.3292832608220033,0.07826247583976753
leiden_cpm,2024-09-17 10:38:01.935618,baseline,umap_fuzzy_simplicial_set,9,9,1.0,0.3333333333333333,1.0,0.5,0.16666666666666666,3.1451886066204775,3.848101265822785,3.0,4.0,angular,1,2,0.1809227513599266,6495,2736,711,20428,9,0.5750000000000001,EXP,2.0,3.0,4.0,5.0,1.2012366699263766,1.332064236058359,0.07849233879400086
leiden_cpm,2024-09-17 10:38:01.935618,baseline,umap_fuzzy_simplicial_set,9,9,1.0,0.3333333333333333,1.0,0.5,0.16666666666666666,3.131687873677756,3.8192090395480225,3.0,4.0,angular,1,2,0.17987048992230883,6523,2704,708,20428,9,0.58,EXP,2.0,3.0,4.0,5.0,1.1900425002111805,1.3281283063433205,0.07850559421404912
leiden_cpm,2024-09-17 10:38:01.935618,baseline,umap_fuzzy_simplicial_set,9,9,1.0,0.3333333333333333,1.0,0.5,0.16666666666666666,3.1192548480684072,3.802797202797203,3.0,4.0,angular,1,2,0.17905586131311996,6549,2719,715,20428,9,0.585,EXP,2.0,3.0,4.0,5.0,1.179937520419294,1.3143609181685822,0.07833418071975055
leiden_cpm,2024-09-17 10:38:01.935618,baseline,umap_fuzzy_simplicial_set,9,9,1.0,0.3333333333333333,1.0,0.5,0.16666666666666666,3.101730944427574,3.7765205091937766,3.0,4.0,angular,1,2,0.1778767037181691,6586,2670,707,20428,9,0.59,EXP,2.0,3.0,4.0,5.0,1.1697576106977163,1.3204357433312628,0.07848329145512883
leiden_cpm,2024-09-17 10:38:01.935618,baseline,umap_fuzzy_simplicial_set,9,9,1.0,0.3333333333333333,1.0,0.5,0.16666666666666666,3.089534180278282,3.7468354430379747,3.0,4.0,angular,1,2,0.17721227440519938,6612,2664,711,20428,9,0.595,EXP,2.0,3.0,4.0,4.5,1.164806816226682,1.2863179058530567,0.07829840838295395
leiden_cpm,2024-09-17 10:38:01.935618,baseline,umap_fuzzy_simplicial_set,9,8,1.0,0.3333333333333333,1.0,0.5,0.16666666666666666,3.07511666415776,3.7307152875175316,3.0,4.0,angular,1,2,0.17616787945305595,6643,2660,713,20428,9,0.6,EXP,2.0,3.0,4.0,4.0,1.1549731973709965,1.2888002483818526,0.07819708634485291
leiden_cpm,2024-09-17 10:38:01.935618,baseline,umap_fuzzy_simplicial_set,9,8,1.0,0.3333333333333333,1.0,0.5,0.16666666666666666,3.0635872825434913,3.7170868347338937,3.0,4.0,angular,1,2,0.17548723813552677,6668,2654,714,20428,9,0.605,EXP,2.0,3.0,4.0,4.0,1.1496484290982736,1.2903713342037628,0.07817284537668505
leiden_cpm,2024-09-17 10:38:01.935618,baseline,umap_fuzzy_simplicial_set,9,8,1.0,0.3333333333333333,1.0,0.5,0.16666666666666666,3.0544258373205744,3.7040673211781208,3.0,4.0,angular,1,2,0.1746957680359133,6688,2641,713,20428,9,0.61,EXP,2.0,3.0,4.0,4.0,1.1397680996829664,1.2736173950445813,0.07822960204925651
leiden_cpm,2024-09-17 10:38:01.935618,baseline,umap_fuzzy_simplicial_set,9,8,1.0,0.3333333333333333,1.0,0.5,0.16666666666666666,3.0299614357757343,3.6638537271448666,3.0,3.0,angular,1,2,0.17338244670781816,6742,2605,711,20428,9,0.615,EXP,2.0,3.0,4.0,4.0,1.1295462732633348,1.278767999304204,0.07842811803248348
leiden_cpm,2024-09-17 10:38:01.935618,baseline,umap_fuzzy_simplicial_set,9,8,1.0,0.3333333333333333,1.0,0.5,0.16666666666666666,3.011202830188679,3.646892655367232,3.0,3.5,angular,1,2,0.17222718005539087,6784,2582,708,20428,9,0.62,EXP,2.0,3.0,4.0,4.0,1.1235019234818702,1.2620734239576479,0.07806777861416442
leiden_cpm,2024-09-17 10:38:01.935618,baseline,umap_fuzzy_simplicial_set,9,8,1.0,0.3333333333333333,1.0,0.5,0.16666666666666666,2.998825601879037,3.6407355021216405,3.0,4.0,angular,1,2,0.17141215156654993,6812,2574,707,20428,9,0.625,EXP,2.0,3.0,4.0,4.0,1.1186240738850282,1.257929203308327,0.07807587621804152
leiden_cpm,2024-09-17 10:38:01.935618,baseline,umap_fuzzy_simplicial_set,9,8,1.0,0.3333333333333333,1.0,0.5,0.16666666666666666,2.988734455010973,3.624301675977654,3.0,3.0,angular,1,2,0.1709294127469231,6835,2595,716,20428,9,0.63,EXP,2.0,3.0,4.0,4.0,1.1155699664812484,1.2517792648810004,0.0782092917369056
leiden_cpm,2024-09-17 10:38:01.935618,baseline,umap_fuzzy_simplicial_set,9,8,1.0,0.3333333333333333,1.0,0.5,0.16666666666666666,2.973075243778198,3.6002805049088358,3.0,3.0,angular,1,2,0.17000353178941885,6871,2567,713,20428,9,0.635,EXP,2.0,3.0,4.0,4.0,1.1096236202777738,1.2460765601227168,0.07847061603005105
leiden_cpm,2024-09-17 10:38:01.935618,baseline,umap_fuzzy_simplicial_set,9,8,1.0,0.3333333333333333,1.0,0.5,0.16666666666666666,2.964016250725479,3.5726375176304654,3.0,3.0,angular,1,2,0.1693704429579089,6892,2533,709,20428,9,0.64,EXP,2.0,3.0,4.0,4.0,1.1049850130278867,1.2270512131153868,0.07862688308420625
leiden_cpm,2024-09-17 10:38:01.935618,baseline,umap_fuzzy_simplicial_set,9,8,1.0,0.3333333333333333,1.0,0.5,0.16666666666666666,2.9507438971544127,3.5694050991501416,3.0,3.0,angular,1,2,0.16855551486251566,6923,2520,706,20428,9,0.645,EXP,2.0,3.0,4.0,4.0,1.0978557534441646,1.2340191768414805,0.07848387124612376
leiden_cpm,2024-09-17 10:38:01.935618,baseline,umap_fuzzy_simplicial_set,9,8,1.0,0.3333333333333333,1.0,0.5,0.16666666666666666,2.9405498776450267,3.5604551920341394,3.0,3.0,angular,1,2,0.1677562633608752,6947,2503,703,20428,9,0.65,EXP,2.0,3.0,4.0,4.0,1.0918945188724316,1.2274600255322314,0.0783350768492749
leiden_cpm,2024-09-17 10:38:01.935618,baseline,umap_fuzzy_simplicial_set,9,9,1.0,0.3333333333333333,1.0,0.5,0.16666666666666666,2.9295855442420766,3.5375886524822695,3.0,3.0,angular,1,2,0.16698071594445368,6973,2494,705,20428,9,0.655,EXP,2.0,3.0,4.0,4.0,1.0860328936921726,1.2211225510545323,0.07845105702790879
leiden_cpm,2024-09-17 10:38:01.935618,baseline,umap_fuzzy_simplicial_set,9,8,1.0,0.3333333333333333,1.0,0.5,0.16666666666666666,2.92162471395881,3.5428973277074545,3.0,3.0,angular,1,2,0.16639505467186602,6992,2519,711,20428,9,0.66,EXP,2.0,3.0,4.0,4.0,1.0808989038740326,1.2212612693077938,0.07882546207595392
leiden_cpm,2024-09-17 10:38:01.935618,baseline,umap_fuzzy_simplicial_set,8,8,1.0,0.3333333333333333,1.0,0.5,0.16666666666666666,2.9083143507972666,3.5161744022503516,3.0,3.0,angular,1,2,0.16534266548358575,7024,2500,711,20428,9,0.665,EXP,2.0,3.0,4.0,4.0,1.0719393072392358,1.2010098858690395,0.07830285103409071
leiden_cpm,2024-09-17 10:38:01.935618,baseline,umap_fuzzy_simplicial_set,8,8,1.0,0.3333333333333333,1.0,0.5,0.16666666666666666,2.7922361946418808,3.4717514124293785,3.0,3.0,angular,1,2,0.16311236223007108,7316,2458,708,20428,9,0.67,EXP,2.0,3.0,3.0,4.0,1.0887490009534082,1.2157366394998133,0.0788695983576476
leiden_cpm,2024-09-17 10:38:01.935618,baseline,umap_fuzzy_simplicial_set,8,8,1.0,0.3333333333333333,1.0,0.5,0.16666666666666666,2.7785636561479867,3.4475920679886687,3.0,3.0,angular,1,2,0.1618856795690615,7352,2434,706,20428,9,0.675,EXP,2.0,3.0,3.0,4.0,1.0776125750169807,1.202311811448434,0.07903902630902733
leiden_cpm,2024-09-17 10:38:01.935618,baseline,umap_fuzzy_simplicial_set,8,8,1.0,0.3333333333333333,1.0,0.5,0.16666666666666666,2.766896925369091,3.4293785310734464,3.0,3.0,angular,1,2,0.16107056900857694,7383,2428,708,20428,9,0.68,EXP,2.0,3.0,3.0,4.0,1.0739821106339862,1.1999699422751988,0.07889413285163428
leiden_cpm,2024-09-17 10:38:01.935618,baseline,umap_fuzzy_simplicial_set,8,8,1.0,0.3333333333333333,1.0,0.5,0.16666666666666666,2.7568151147098514,3.419491525423729,3.0,3.0,angular,1,2,0.1601526007489056,7410,2421,708,20428,9,0.685,EXP,2.0,3.0,3.0,4.0,1.0665937582649059,1.1993471723227975,0.07867775749418009
leiden_cpm,2024-09-17 10:38:01.935618,baseline,umap_fuzzy_simplicial_set,8,8,1.0,0.3333333333333333,1.0,0.5,0.16666666666666666,2.746806508000538,3.419718309859155,3.0,3.0,angular,1,2,0.15933755230686647,7437,2428,710,20428,9,0.6900000000000001,EXP,2.0,3.0,3.0,4.0,1.0594939599633109,1.1979583239840932,0.0786387614524035
leiden_cpm,2024-09-17 10:38:01.935618,baseline,umap_fuzzy_simplicial_set,8,8,1.0,0.3333333333333333,1.0,0.5,0.16666666666666666,2.7387049202305938,3.4188998589562765,3.0,3.0,angular,1,2,0.15868866581338031,7459,2424,709,20428,9,0.6950000000000001,EXP,2.0,3.0,3.0,4.0,1.0525625424754672,1.196248686289732,0.07859204981293981
leiden_cpm,2024-09-17 10:38:01.935618,baseline,umap_fuzzy_simplicial_set,8,8,1.0,0.3333333333333333,1.0,0.5,0.16666666666666666,2.730650982488972,3.3797468354430378,3.0,3.0,angular,1,2,0.15781807667279263,7481,2403,711,20428,9,0.7000000000000001,EXP,2.0,3.0,3.0,4.0,1.043644666177837,1.1820673411094447,0.07841861818691691
leiden_cpm,2024-09-17 10:38:01.935618,baseline,umap_fuzzy_simplicial_set,8,8,1.0,0.3333333333333333,1.0,0.5,0.16666666666666666,2.724096546206161,3.377808988764045,3.0,3.0,angular,1,2,0.15731948563362513,7499,2405,712,20428,9,0.705,EXP,2.0,3.0,3.0,4.0,1.041616738186672,1.1847399219304764,0.07825153405775186
leiden_cpm,2024-09-17 10:38:01.935618,baseline,umap_fuzzy_simplicial_set,8,8,1.0,0.3333333333333333,1.0,0.5,0.16666666666666666,2.7211935526841615,3.3856942496493687,3.0,3.0,angular,1,2,0.15703463149206334,7507,2414,713,20428,9,0.71,EXP,2.0,3.0,3.0,4.0,1.0385828501960994,1.1800908523671838,0.0782599920583823
leiden_cpm,2024-09-17 10:38:01.935618,baseline,umap_fuzzy_simplicial_set,8,8,1.0,0.3333333333333333,1.0,0.5,0.16666666666666666,2.7161281744448877,3.3678321678321677,3.0,3.0,angular,1,2,0.15658358456233673,7521,2408,715,20428,9,0.715,EXP,2.0,3.0,3.0,4.0,1.0347591279731683,1.1780392265900193,0.07820055299351858
leiden_cpm,2024-09-17 10:38:01.935618,baseline,umap_fuzzy_simplicial_set,8,8,1.0,0.3333333333333333,1.0,0.5,0.16666666666666666,2.712161444503452,3.3569444444444443,3.0,3.0,angular,1,2,0.1561485351402935,7532,2417,720,20428,9,0.72,EXP,2.0,3.0,3.0,4.0,1.02943701852227,1.1662292500105829,0.07791331534372781
leiden_cpm,2024-09-17 10:38:01.935618,baseline,umap_fuzzy_simplicial_set,8,8,1.0,0.3333333333333333,1.0,0.5,0.16666666666666666,2.7049788135593222,3.338440111420613,3.0,3.0,angular,1,2,0.15539681250083887,7552,2397,718,20428,9,0.725,EXP,2.0,3.0,3.0,4.0,1.021789411398479,1.1483056750245473,0.07802809354020228
leiden_cpm,2024-09-17 10:38:01.935618,baseline,umap_fuzzy_simplicial_set,8,8,1.0,0.3333333333333333,1.0,0.5,0.16666666666666666,2.6974778819490295,3.316666666666667,3.0,3.0,angular,1,2,0.15458962342261415,7573,2388,720,20428,9,0.73,EXP,2.0,2.0,3.0,4.0,1.0146114507949062,1.1437025642865175,0.07822153226641669
leiden_cpm,2024-09-17 10:38:01.935618,baseline,umap_fuzzy_simplicial_set,8,8,1.0,0.3333333333333333,1.0,0.5,0.16666666666666666,2.691436100131752,3.3179271708683475,3.0,3.0,angular,1,2,0.1541305192284894,7590,2369,714,20428,9,0.735,EXP,2.0,2.0,3.0,4.0,1.011745471651958,1.1430158963171653,0.07842808137568871
leiden_cpm,2024-09-17 10:38:01.935618,baseline,umap_fuzzy_simplicial_set,8,8,1.0,0.3333333333333333,1.0,0.5,0.16666666666666666,2.6833048732431366,3.3104895104895107,3.0,3.0,angular,1,2,0.15338672616551638,7613,2367,715,20428,9,0.74,EXP,2.0,2.5,3.0,4.0,1.0051390379782448,1.131291315311737,0.0785085424899852
leiden_cpm,2024-09-17 10:38:01.935618,baseline,umap_fuzzy_simplicial_set,8,8,1.0,0.3333333333333333,1.0,0.5,0.16666666666666666,2.6755730189914866,3.289290681502086,3.0,3.0,angular,1,2,0.15259533057666516,7635,2365,719,20428,9,0.745,EXP,2.0,2.0,3.0,4.0,0.9971402703734877,1.116214755339822,0.07832592098921905
leiden_cpm,2024-09-17 10:38:01.935618,baseline,umap_fuzzy_simplicial_set,8,8,1.0,0.3333333333333333,1.0,0.5,0.16666666666666666,2.671723777138373,3.287114845938375,3.0,3.0,angular,1,2,0.1520571368007687,7646,2347,714,20428,9,0.75,EXP,2.0,2.0,3.0,4.0,0.9922553015188543,1.1352151886869453,0.07830732301929
leiden_cpm,2024-09-17 10:38:01.935618,baseline,umap_fuzzy_simplicial_set,8,8,1.0,0.3333333333333333,1.0,0.5,0.16666666666666666,2.6633637548891786,3.2857142857142856,3.0,3.0,angular,1,2,0.15134492042621445,7670,2346,714,20428,9,0.755,EXP,2.0,2.0,3.0,4.0,0.9861363120590326,1.1200454458281093,0.07812713674085245
leiden_cpm,2024-09-17 10:38:01.935618,baseline,umap_fuzzy_simplicial_set,8,8,1.0,0.3333333333333333,1.0,0.5,0.16666666666666666,2.655055887704705,3.2541899441340782,3.0,3.0,angular,1,2,0.15068804738296504,7694,2330,716,20428,9,0.76,EXP,2.0,2.0,3.0,4.0,0.9806099282043768,1.1109771167154434,0.07818614300765751
leiden_cpm,2024-09-17 10:38:01.935618,baseline,umap_fuzzy_simplicial_set,8,8,1.0,0.3333333333333333,1.0,0.5,0.16666666666666666,2.6492024380754766,3.2517482517482517,3.0,3.0,angular,1,2,0.15015780018769026,7711,2325,715,20428,9,0.765,EXP,2.0,2.0,3.0,4.0,0.9755201449662024,1.1098322904144544,0.07801506706629392
leiden_cpm,2024-09-17 10:38:01.935618,baseline,umap_fuzzy_simplicial_set,8,8,1.0,0.3333333333333333,1.0,0.5,0.16666666666666666,2.6426908150064685,3.2426778242677825,3.0,3.0,angular,1,2,0.14961176386388214,7730,2325,717,20428,9,0.77,EXP,2.0,2.0,3.0,4.0,0.9706636099095143,1.1089681701829626,0.0780668764117726
leiden_cpm,2024-09-17 10:38:01.935618,baseline,umap_fuzzy_simplicial_set,8,8,1.0,0.3333333333333333,1.0,0.5,0.16666666666666666,2.63383187209902,3.2187938288920055,3.0,3.0,angular,1,2,0.14880462485688914,7756,2295,713,20428,9,0.775,EXP,2.0,2.0,3.0,4.0,0.963495823955631,1.076243638045385,0.0782265602360865
leiden_cpm,2024-09-17 10:38:01.935618,baseline,umap_fuzzy_simplicial_set,8,8,1.0,0.3333333333333333,1.0,0.5,0.16666666666666666,2.621999743293544,3.2072829131652663,3.0,3.0,angular,1,2,0.14796563229517226,7791,2290,714,20428,9,0.78,EXP,2.0,2.0,3.0,4.0,0.9583677002872412,1.0527555737736094,0.07802809676782384
leiden_cpm,2024-09-17 10:38:01.935618,baseline,umap_fuzzy_simplicial_set,8,8,1.0,0.3333333333333333,1.0,0.5,0.16666666666666666,2.6139475367882277,3.2036516853932584,3.0,3.0,angular,1,2,0.14726914691507026,7815,2281,712,20428,9,0.785,EXP,2.0,2.0,3.0,4.0,0.9549198945069447,1.0436206056630806,0.07771746554897595
leiden_cpm,2024-09-17 10:38:01.935618,baseline,umap_fuzzy_simplicial_set,8,8,1.0,0.3333333333333333,1.0,0.5,0.16666666666666666,2.604283528811831,3.1949860724233985,3.0,3.0,angular,1,2,0.1467074639273062,7844,2294,718,20428,9,0.79,EXP,2.0,2.0,3.0,4.0,0.9503009583559885,1.0347055277004822,0.07790545279655847
leiden_cpm,2024-09-17 10:38:01.935618,baseline,umap_fuzzy_simplicial_set,8,8,1.0,0.3333333333333333,1.0,0.5,0.16666666666666666,2.60030549898167,3.197478991596639,3.0,3.0,angular,1,2,0.14628006266636084,7856,2283,714,20428,9,0.795,EXP,2.0,2.0,3.0,4.0,0.9477811521511809,1.0392543802773189,0.07766617976542108
leiden_cpm,2024-09-17 10:38:01.935618,baseline,umap_fuzzy_simplicial_set,8,8,1.0,0.3333333333333333,1.0,0.5,0.16666666666666666,2.595020325203252,3.186013986013986,2.0,3.0,angular,1,2,0.145813139391293,7872,2278,715,20428,9,0.8,EXP,2.0,2.0,3.0,4.0,0.9423772049104614,1.022994466322311,0.07793640496168358
leiden_cpm,2024-09-17 10:38:01.935618,baseline,umap_fuzzy_simplicial_set,8,8,1.0,0.3333333333333333,1.0,0.5,0.16666666666666666,2.586150145588049,3.1837307152875174,2.0,3.0,angular,1,2,0.1452433917664869,7899,2270,713,20428,9,0.805,EXP,2.0,2.0,3.0,4.0,0.9393646675930948,1.0317071979745531,0.07805915043705443
leiden_cpm,2024-09-17 10:38:01.935618,baseline,umap_fuzzy_simplicial_set,8,8,1.0,0.3333333333333333,1.0,0.5,0.16666666666666666,2.5786417571320372,3.1729428172942815,2.0,3.0,angular,1,2,0.1446497233007333,7922,2275,717,20428,9,0.81,EXP,2.0,2.0,3.0,4.0,0.9353978955976194,1.0231320978334946,0.07806935095027506
leiden_cpm,2024-09-17 10:38:01.935618,baseline,umap_fuzzy_simplicial_set,8,8,1.0,0.3333333333333333,1.0,0.5,0.16666666666666666,2.569236574015847,3.151048951048951,2.0,3.0,angular,1,2,0.14419858639337896,7951,2253,715,20428,9,0.8150000000000001,EXP,2.0,2.0,3.0,4.0,0.933294983026943,1.011601730198628,0.07804761063985054
leiden_cpm,2024-09-17 10:38:01.935618,baseline,umap_fuzzy_simplicial_set,8,8,1.0,0.3333333333333333,1.0,0.5,0.16666666666666666,2.5598997493734337,3.14804469273743,2.0,3.0,angular,1,2,0.14335164408237208,7980,2254,716,20428,9,0.8200000000000001,EXP,2.0,2.0,3.0,4.0,0.9292225925693427,1.0182052773529389,0.07797263342873455
leiden_cpm,2024-09-17 10:38:01.935618,baseline,umap_fuzzy_simplicial_set,8,8,1.0,0.3333333333333333,1.0,0.5,0.16666666666666666,2.5554165624218164,3.134642356241234,2.0,3.0,angular,1,2,0.1427341929421538,7994,2235,713,20428,9,0.8250000000000001,EXP,2.0,2.0,3.0,4.0,0.9233814395026604,0.9972432786453986,0.07814163706778009
leiden_cpm,2024-09-17 10:38:01.935618,baseline,umap_fuzzy_simplicial_set,8,8,1.0,0.3333333333333333,1.0,0.5,0.16666666666666666,2.5525427964513305,3.13006993006993,2.0,3.0,angular,1,2,0.14248886065784971,8003,2238,715,20428,9,0.8300000000000001,EXP,2.0,2.0,3.0,4.0,0.9206053179591845,0.9985328373556963,0.07806317756354339
leiden_cpm,2024-09-17 10:38:01.935618,baseline,umap_fuzzy_simplicial_set,8,8,1.0,0.3333333333333333,1.0,0.5,0.16666666666666666,2.545228008970845,3.113573407202216,2.0,3.0,angular,1,2,0.1419033422890606,8026,2248,722,20428,9,0.835,EXP,2.0,2.0,3.0,4.0,0.9159876748496125,0.989338583028581,0.07804364883933995
leiden_cpm,2024-09-17 10:38:01.935618,baseline,umap_fuzzy_simplicial_set,8,8,1.0,0.3333333333333333,1.0,0.5,0.16666666666666666,2.5360645561762882,3.089012517385257,2.0,3.0,angular,1,2,0.14106437997086974,8055,2221,719,20428,9,0.84,EXP,2.0,2.0,3.0,4.0,0.9100632815720274,0.9755731519514795,0.07753032420871091
leiden_cpm,2024-09-17 10:38:01.935618,baseline,umap_fuzzy_simplicial_set,8,8,1.0,0.3333333333333333,1.0,0.5,0.16666666666666666,2.530410008670878,3.0828729281767955,2.0,3.0,angular,1,2,0.14092996572469968,8073,2232,724,20428,9,0.845,EXP,2.0,2.0,3.0,4.0,0.9117361296350579,0.9684438336789972,0.07746451659171393
leiden_cpm,2024-09-17 10:38:01.935618,baseline,umap_fuzzy_simplicial_set,7,7,1.0,0.3333333333333333,1.0,0.5,0.16666666666666666,2.5219753086419754,3.0729023383768914,2.0,3.0,angular,1,2,0.14009898741506302,8100,2234,727,20428,9,0.85,EXP,2.0,2.0,3.0,4.0,0.9049308271130301,0.9693629951271633,0.07699100192157297
leiden_cpm,2024-09-17 10:38:01.935618,baseline,umap_fuzzy_simplicial_set,7,7,1.0,0.3333333333333333,1.0,0.5,0.16666666666666666,2.5163833456516382,3.059228650137741,2.0,3.0,angular,1,2,0.1394419836407205,8118,2221,726,20428,9,0.855,EXP,2.0,2.0,3.0,4.0,0.8998453930210777,0.9624157278009143,0.0767900709057391
leiden_cpm,2024-09-17 10:38:01.935618,baseline,umap_fuzzy_simplicial_set,7,7,1.0,0.3333333333333333,1.0,0.5,0.16666666666666666,2.512669126691267,3.0550206327372766,2.0,3.0,angular,1,2,0.13912544742899266,8130,2221,727,20428,9,0.86,EXP,2.0,2.0,3.0,4.0,0.8962951680580629,0.9627156502483806,0.0769079071279955
leiden_cpm,2024-09-17 10:38:01.935618,baseline,umap_fuzzy_simplicial_set,7,7,1.0,0.3333333333333333,1.0,0.5,0.16666666666666666,2.5071183112420226,3.037292817679558,2.0,3.0,angular,1,2,0.13866640780040393,8148,2199,724,20428,9,0.865,EXP,2.0,2.0,3.0,4.0,0.8938910063951773,0.9475128054373467,0.0768911635297609
leiden_cpm,2024-09-17 10:38:01.935618,baseline,umap_fuzzy_simplicial_set,7,7,1.0,0.3333333333333333,1.0,0.5,0.16666666666666666,2.496700073331704,3.0388888888888888,2.0,3.0,angular,1,2,0.13790659846872194,8182,2188,720,20428,9,0.87,EXP,2.0,2.0,3.0,4.0,0.888381433836187,0.9551840363039347,0.07707749749701592
leiden_cpm,2024-09-17 10:38:01.935618,baseline,umap_fuzzy_simplicial_set,7,7,1.0,0.3333333333333333,1.0,0.5,0.16666666666666666,2.493347979982912,3.0236768802228413,2.0,3.0,angular,1,2,0.13732876368109442,8193,2171,718,20428,9,0.875,EXP,2.0,2.0,3.0,3.0,0.8831309951303241,0.9341833108484139,0.07692378444531789
leiden_cpm,2024-09-17 10:38:01.935618,baseline,umap_fuzzy_simplicial_set,7,7,1.0,0.3333333333333333,1.0,0.5,0.16666666666666666,2.4860654740172814,3.015427769985975,2.0,3.0,angular,1,2,0.1367115973759116,8217,2150,713,20428,9,0.88,EXP,2.0,2.0,3.0,3.0,0.878990543692348,0.9316247510453899,0.077104463430979
leiden_cpm,2024-09-17 10:38:01.935618,baseline,umap_fuzzy_simplicial_set,7,7,1.0,0.3333333333333333,1.0,0.5,0.16666666666666666,2.477622801697999,3.0125698324022347,2.0,3.0,angular,1,2,0.13601512990976547,8245,2157,716,20428,9,0.885,EXP,2.0,2.0,3.0,3.0,0.8739280990135257,0.9327131022758045,0.07671650889249008
leiden_cpm,2024-09-17 10:38:01.935618,baseline,umap_fuzzy_simplicial_set,7,7,1.0,0.3333333333333333,1.0,0.5,0.16666666666666666,2.4716273442226253,3.0041782729805013,2.0,3.0,angular,1,2,0.13552456146788375,8265,2157,718,20428,9,0.89,EXP,2.0,2.0,3.0,3.0,0.8690132928281032,0.9224735618959589,0.07694779718443819
leiden_cpm,2024-09-17 10:38:01.935618,baseline,umap_fuzzy_simplicial_set,7,7,1.0,0.3333333333333333,1.0,0.5,0.16666666666666666,2.4680439772864564,2.983216783216783,2.0,3.0,angular,1,2,0.1350417340196662,8277,2133,715,20428,9,0.895,EXP,2.0,2.0,3.0,3.0,0.8649817939850579,0.9051512267101156,0.07711016255427358
leiden_cpm,2024-09-17 10:38:01.935618,baseline,umap_fuzzy_simplicial_set,7,7,1.0,0.3333333333333333,1.0,0.5,0.16666666666666666,2.4659584741670693,2.9902506963788302,2.0,3.0,angular,1,2,0.13492283285142065,8284,2147,718,20428,9,0.9,EXP,2.0,2.0,3.0,3.0,0.8647979286943628,0.9209203907617014,0.07696254922553607
leiden_cpm,2024-09-17 10:38:01.935618,baseline,umap_fuzzy_simplicial_set,7,7,1.0,0.3333333333333333,1.0,0.5,0.16666666666666666,2.4615013857091217,2.978932584269663,2.0,3.0,angular,1,2,0.1344481105113536,8299,2121,712,20428,9,0.905,EXP,2.0,2.0,3.0,3.0,0.8587737955641825,0.9154448700286986,0.07699329657993947
leiden_cpm,2024-09-17 10:38:01.935618,baseline,umap_fuzzy_simplicial_set,7,7,1.0,0.3333333333333333,1.0,0.5,0.16666666666666666,2.457355948514375,2.981792717086835,2.0,3.0,angular,1,2,0.1340443797979409,8313,2129,714,20428,9,0.91,EXP,2.0,2.0,3.0,3.0,0.8555711583186704,0.920330066021506,0.07712157297774859
leiden_cpm,2024-09-17 10:38:01.935618,baseline,umap_fuzzy_simplicial_set,7,7,1.0,0.3333333333333333,1.0,0.5,0.16666666666666666,2.4517522803648584,2.9653259361997226,2.0,3.0,angular,1,2,0.13355376053187587,8332,2138,721,20428,9,0.915,EXP,2.0,2.0,3.0,3.0,0.8535040041255869,0.916888203856015,0.07675749879159016
leiden_cpm,2024-09-17 10:38:01.935618,baseline,umap_fuzzy_simplicial_set,7,7,1.0,0.3333333333333333,1.0,0.5,0.16666666666666666,2.4470531863919502,2.944521497919556,2.0,3.0,angular,1,2,0.1331185567235334,8348,2123,721,20428,9,0.92,EXP,2.0,2.0,3.0,3.0,0.8495889186331586,0.9029009034736074,0.07660944037927431
leiden_cpm,2024-09-17 10:38:01.935618,baseline,umap_fuzzy_simplicial_set,7,7,1.0,0.3333333333333333,1.0,0.5,0.16666666666666666,2.442664115747937,2.946206896551724,2.0,3.0,angular,1,2,0.13255665196036834,8363,2136,725,20428,9,0.925,EXP,2.0,2.0,3.0,3.0,0.8427233490363353,0.8935802215616853,0.07663289539664402
leiden_cpm,2024-09-17 10:38:01.935618,baseline,umap_fuzzy_simplicial_set,7,6,1.0,0.3333333333333333,1.0,0.5,0.16666666666666666,2.439455457368044,2.9310344827586206,2.0,3.0,angular,1,2,0.1321608358271661,8374,2125,725,20428,9,0.93,EXP,2.0,2.0,3.0,3.0,0.8394389437319626,0.8886655816741856,0.0767495490522236
leiden_cpm,2024-09-17 10:38:01.935618,baseline,umap_fuzzy_simplicial_set,7,7,1.0,0.3333333333333333,1.0,0.5,0.16666666666666666,2.4333531864204883,2.9358437935843793,2.0,3.0,angular,1,2,0.13177304796975364,8395,2105,717,20428,9,0.935,EXP,2.0,2.0,3.0,3.0,0.8391451099311806,0.8908717421465361,0.07649992199563226
leiden_cpm,2024-09-17 10:38:01.935618,baseline,umap_fuzzy_simplicial_set,7,6,1.0,0.3333333333333333,1.0,0.5,0.16666666666666666,2.429013079667063,2.918282548476454,2.0,3.0,angular,1,2,0.1312587108457436,8410,2107,722,20428,9,0.9400000000000001,EXP,2.0,2.0,3.0,3.0,0.8323227108242173,0.8729377521096938,0.0763050896213892
leiden_cpm,2024-09-17 10:38:01.935618,baseline,umap_fuzzy_simplicial_set,7,7,1.0,0.3333333333333333,1.0,0.5,0.16666666666666666,2.422675521821632,2.907202216066482,2.0,3.0,angular,1,2,0.13063344768349658,8432,2099,722,20428,9,0.9450000000000001,EXP,2.0,2.0,3.0,3.0,0.8284825610216232,0.8686463411733628,0.07608626625953778
leiden_cpm,2024-09-17 10:38:01.935618,baseline,umap_fuzzy_simplicial_set,7,7,1.0,0.3333333333333333,1.0,0.5,0.16666666666666666,2.4203791469194313,2.8986301369863012,2.0,3.0,angular,1,2,0.13030106988765894,8440,2116,730,20428,9,0.9500000000000001,EXP,2.0,2.0,3.0,3.0,0.8251450243586983,0.8731133320472271,0.07601594392646809
leiden_cpm,2024-09-17 10:38:01.935618,baseline,umap_fuzzy_simplicial_set,7,7,1.0,0.3333333333333333,1.0,0.5,0.16666666666666666,2.415799432355724,2.889041095890411,2.0,3.0,angular,1,2,0.1298578554978717,8456,2109,730,20428,9,0.9550000000000001,EXP,2.0,2.0,3.0,3.0,0.8210258192728406,0.875865387141951,0.0761423753609172
leiden_cpm,2024-09-17 10:38:01.935618,baseline,umap_fuzzy_simplicial_set,7,7,1.0,0.3333333333333333,1.0,0.5,0.16666666666666666,2.411806375442739,2.8808219178082193,2.0,3.0,angular,1,2,0.12947003385178968,8470,2103,730,20428,9,0.96,EXP,2.0,2.0,3.0,3.0,0.8177213251341733,0.8669198402289703,0.07617417011740371
leiden_cpm,2024-09-17 10:38:01.935618,baseline,umap_fuzzy_simplicial_set,7,7,1.0,0.3333333333333333,1.0,0.5,0.16666666666666666,2.406975374101567,2.8777472527472527,2.0,3.0,angular,1,2,0.1290188044569715,8487,2095,728,20428,9,0.965,EXP,2.0,2.0,3.0,3.0,0.8156524500490542,0.8629424374803574,0.07606004917474805
leiden_cpm,2024-09-17 10:38:01.935618,baseline,umap_fuzzy_simplicial_set,7,7,1.0,0.3333333333333333,1.0,0.5,0.16666666666666666,2.401881246325691,2.86046511627907,2.0,3.0,angular,1,2,0.128346188372056,8505,2091,731,20428,9,0.97,EXP,2.0,2.0,3.0,3.0,0.808564524480234,0.8399786997010036,0.07594747910746424
leiden_cpm,2024-09-17 10:38:01.935618,baseline,umap_fuzzy_simplicial_set,7,7,1.0,0.3333333333333333,1.0,0.5,0.16666666666666666,2.393158388003749,2.8426812585499315,2.0,3.0,angular,1,2,0.12761802669441108,8536,2078,731,20428,9,0.975,EXP,2.0,2.0,3.0,3.0,0.8039091791693825,0.8343746437582498,0.07570480574433971
leiden_cpm,2024-09-17 10:38:01.935618,baseline,umap_fuzzy_simplicial_set,7,6,1.0,0.3333333333333333,1.0,0.5,0.16666666666666666,2.3925977980791755,2.843324250681199,2.0,3.0,angular,1,2,0.12750717868070696,8538,2087,734,20428,9,0.98,EXP,2.0,2.0,3.0,3.0,0.8020245655250356,0.8261580830811028,0.07582886068234568
leiden_cpm,2024-09-17 10:38:01.935618,baseline,umap_fuzzy_simplicial_set,7,6,1.0,0.3333333333333333,1.0,0.5,0.16666666666666666,2.3886810102899907,2.8365122615803813,2.0,3.0,angular,1,2,0.127214386021372,8552,2082,734,20428,9,0.985,EXP,2.0,2.0,3.0,3.0,0.8003466509390323,0.822355783460418,0.0757714709760085
leiden_cpm,2024-09-17 10:38:01.935618,baseline,umap_fuzzy_simplicial_set,7,6,1.0,0.3333333333333333,1.0,0.5,0.16666666666666666,2.3811633057465906,2.8230452674897117,2.0,3.0,angular,1,2,0.12661286587817808,8579,2058,729,20428,9,0.99,EXP,2.0,2.0,3.0,3.0,0.7962784979809113,0.8183197676464563,0.07574686331602173
leiden_cpm,2024-09-17 10:38:01.935618,baseline,umap_fuzzy_simplicial_set,7,6,1.0,0.3333333333333333,1.0,0.5,0.16666666666666666,2.37756052141527,2.816326530612245,2.0,3.0,angular,1,2,0.1262329644908105,8592,2070,735,20428,9,0.995,EXP,2.0,2.0,3.0,3.0,0.7925686081752829,0.8116532901712322,0.07563019604294705
leiden_cpm,2024-09-17 10:38:01.935618,baseline,umap_fuzzy_simplicial_set,7,6,1.0,0.3333333333333333,1.0,0.5,0.16666666666666666,2.1548523206751056,2.7754237288135593,2.0,3.0,angular,1,2,0.11857200721263944,9480,1965,708,20428,9,1.0,EXP,2.0,2.0,3.0,3.0,0.8348094601350066,0.8347099134806847,0.07078611695275532
